Tissue	Target?	z-score	GSM
blood	Target Tissue	4.806891027133765	GSM253703
blood	All Non-Target Tissues	-0.5012916818914609	GSM253703
blood	All Non-Target Tissues	0.2287388075532463	GSM253703
blood	All Non-Target Tissues	-0.397830237181428	GSM253703
blood	All Non-Target Tissues	-2.231393178436683	GSM253703
blood	All Non-Target Tissues	-0.24185601753256034	GSM253703
blood	Target Tissue	3.0476226407548683	GSM253695
blood	All Non-Target Tissues	0.6052491415081194	GSM253695
blood	All Non-Target Tissues	-0.13966118958907325	GSM253695
blood	All Non-Target Tissues	0.7403076228083321	GSM253695
blood	All Non-Target Tissues	-1.433251293128511	GSM253695
blood	All Non-Target Tissues	-0.30580855994702577	GSM253695
blood	Target Tissue	2.7466361865445355	GSM253713
blood	All Non-Target Tissues	-0.2071481849721836	GSM253713
blood	All Non-Target Tissues	-0.38162957760255195	GSM253713
blood	All Non-Target Tissues	-0.14249233208742948	GSM253713
blood	All Non-Target Tissues	-0.7371832044736495	GSM253713
blood	All Non-Target Tissues	-0.18307292920580048	GSM253713
blood	Target Tissue	7.27132604914759	GSM253726
blood	All Non-Target Tissues	-0.5094025531731543	GSM253726
blood	All Non-Target Tissues	-0.030382465200529493	GSM253726
blood	All Non-Target Tissues	0.1050248908691118	GSM253726
blood	All Non-Target Tissues	-2.4417581980079683	GSM253726
blood	All Non-Target Tissues	0.11960765584093652	GSM253726
blood	Target Tissue	5.346046829933797	GSM253708
blood	All Non-Target Tissues	0.2606427753472115	GSM253708
blood	All Non-Target Tissues	-0.13203652490100035	GSM253708
blood	All Non-Target Tissues	-0.07749762106141228	GSM253708
blood	All Non-Target Tissues	0.10125559209406558	GSM253708
blood	All Non-Target Tissues	-0.127165261903695	GSM253708
blood	Target Tissue	0.8477317538247443	GSM253704
blood	All Non-Target Tissues	-0.0688919940753588	GSM253704
blood	All Non-Target Tissues	-0.29364925012448845	GSM253704
blood	All Non-Target Tissues	-0.3353178402242698	GSM253704
blood	All Non-Target Tissues	-1.7702294482356506	GSM253704
blood	All Non-Target Tissues	0.29559595232412295	GSM253704
blood	Target Tissue	0.26180957461588	GSM253721
blood	All Non-Target Tissues	0.08707888792585608	GSM253721
blood	All Non-Target Tissues	0.6453511965953964	GSM253721
blood	All Non-Target Tissues	-0.20621137291243052	GSM253721
blood	All Non-Target Tissues	-0.4946209408513156	GSM253721
blood	All Non-Target Tissues	-0.08203664937926265	GSM253721
blood	Target Tissue	8.203980121620186	GSM253671
blood	All Non-Target Tissues	0.2441394743249861	GSM253671
blood	All Non-Target Tissues	0.32994833254502004	GSM253671
blood	All Non-Target Tissues	-0.01693789910791037	GSM253671
blood	All Non-Target Tissues	-2.0752271474946125	GSM253671
blood	All Non-Target Tissues	0.06651077988726513	GSM253671
blood	Target Tissue	1.6948735357354683	GSM253724
blood	All Non-Target Tissues	0.13884395906838906	GSM253724
blood	All Non-Target Tissues	0.5604426246061576	GSM253724
blood	All Non-Target Tissues	-0.9558716991025521	GSM253724
blood	All Non-Target Tissues	-0.10721834502924243	GSM253724
blood	All Non-Target Tissues	-0.8610827730595693	GSM253724
blood	Target Tissue	-1.650861499077863	GSM253674
blood	All Non-Target Tissues	0.2673785107711992	GSM253674
blood	All Non-Target Tissues	0.48138999064644505	GSM253674
blood	All Non-Target Tissues	0.27480490356343995	GSM253674
blood	All Non-Target Tissues	-0.9650276240782507	GSM253674
blood	All Non-Target Tissues	0.24763931923546667	GSM253674
blood	Target Tissue	0.2715432997711371	GSM253705
blood	All Non-Target Tissues	-0.2559857075685927	GSM253705
blood	All Non-Target Tissues	-0.43262958220900005	GSM253705
blood	All Non-Target Tissues	-0.14146153216927995	GSM253705
blood	All Non-Target Tissues	-1.0329204438438968	GSM253705
blood	All Non-Target Tissues	0.17221029525727674	GSM253705
blood	Target Tissue	-2.1527006382111815	GSM253702
blood	All Non-Target Tissues	0.8220848276135185	GSM253702
blood	All Non-Target Tissues	-0.7868991600071574	GSM253702
blood	All Non-Target Tissues	0.08898903701413452	GSM253702
blood	All Non-Target Tissues	-4.6344465794989285	GSM253702
blood	All Non-Target Tissues	0.5399229514597962	GSM253702
blood	Target Tissue	11.530429276458461	GSM253706
blood	All Non-Target Tissues	0.09330552381637854	GSM253706
blood	All Non-Target Tissues	0.11456359149617032	GSM253706
blood	All Non-Target Tissues	-0.22604821373693884	GSM253706
blood	All Non-Target Tissues	-0.20752357035338723	GSM253706
blood	All Non-Target Tissues	0.17592600543666012	GSM253706
blood	Target Tissue	2.164864501556111	GSM253672
blood	All Non-Target Tissues	0.10784452646694066	GSM253672
blood	All Non-Target Tissues	1.2124540627178029	GSM253672
blood	All Non-Target Tissues	0.3227933260972127	GSM253672
blood	All Non-Target Tissues	-0.9415977519037375	GSM253672
blood	All Non-Target Tissues	0.09911379188658936	GSM253672
blood	Target Tissue	-0.8193462451370155	GSM253678
blood	All Non-Target Tissues	0.2823530623618174	GSM253678
blood	All Non-Target Tissues	-0.3969755022525569	GSM253678
blood	All Non-Target Tissues	-0.022514686303947727	GSM253678
blood	All Non-Target Tissues	-1.2399555578671795	GSM253678
blood	All Non-Target Tissues	1.072152548621803	GSM253678
blood	Target Tissue	1.6465413397789919	GSM253691
blood	All Non-Target Tissues	-0.5294515442097263	GSM253691
blood	All Non-Target Tissues	-0.005056157966045904	GSM253691
blood	All Non-Target Tissues	-0.09071304408153794	GSM253691
blood	All Non-Target Tissues	-0.6748680207614841	GSM253691
blood	All Non-Target Tissues	0.03488934132924672	GSM253691
blood	Target Tissue	-2.0848094687001812	GSM253718
blood	All Non-Target Tissues	0.8659316297052712	GSM253718
blood	All Non-Target Tissues	0.9210911179823638	GSM253718
blood	All Non-Target Tissues	0.15989617379472998	GSM253718
blood	All Non-Target Tissues	-0.8815393674432528	GSM253718
blood	All Non-Target Tissues	-0.7119292210315915	GSM253718
blood	Target Tissue	2.929827314560864	GSM253670
blood	All Non-Target Tissues	-0.42255387518080145	GSM253670
blood	All Non-Target Tissues	0.29091510283559174	GSM253670
blood	All Non-Target Tissues	0.42349375641772335	GSM253670
blood	All Non-Target Tissues	-1.134642593378724	GSM253670
blood	All Non-Target Tissues	0.8763873700577767	GSM253670
blood	Target Tissue	-0.7753318019677858	GSM253719
blood	All Non-Target Tissues	-0.12053829105406352	GSM253719
blood	All Non-Target Tissues	0.6463324453315117	GSM253719
blood	All Non-Target Tissues	0.5162387595398569	GSM253719
blood	All Non-Target Tissues	-1.737838513127194	GSM253719
blood	All Non-Target Tissues	-0.39826498519912396	GSM253719
blood	Target Tissue	-0.17654730641223604	GSM253712
blood	All Non-Target Tissues	0.2524817470518396	GSM253712
blood	All Non-Target Tissues	-0.5581256972956111	GSM253712
blood	All Non-Target Tissues	0.1737470036069234	GSM253712
blood	All Non-Target Tissues	-1.347750753813086	GSM253712
blood	All Non-Target Tissues	-0.6057032181473887	GSM253712
blood	Target Tissue	0.8767955687205419	GSM253728
blood	All Non-Target Tissues	-1.1083340427233417	GSM253728
blood	All Non-Target Tissues	0.16693968919614363	GSM253728
blood	All Non-Target Tissues	1.4489163469757163	GSM253728
blood	All Non-Target Tissues	-0.45140453944911363	GSM253728
blood	All Non-Target Tissues	-0.06183694499332269	GSM253728
blood	Target Tissue	-6.117981853667511	GSM253698
blood	All Non-Target Tissues	-0.8299968186350798	GSM253698
blood	All Non-Target Tissues	-0.48977613858599206	GSM253698
blood	All Non-Target Tissues	0.3075641041528807	GSM253698
blood	All Non-Target Tissues	-0.15049264538378132	GSM253698
blood	All Non-Target Tissues	-0.3983817121702221	GSM253698
blood	Target Tissue	1.5782132808500848	GSM253707
blood	All Non-Target Tissues	0.053163401569587904	GSM253707
blood	All Non-Target Tissues	-0.06177391825300049	GSM253707
blood	All Non-Target Tissues	-0.1915467678597587	GSM253707
blood	All Non-Target Tissues	-0.3206025652142524	GSM253707
blood	All Non-Target Tissues	-0.14153091317990585	GSM253707
blood	Target Tissue	3.880641338505475	GSM253729
blood	All Non-Target Tissues	-0.2430996357096753	GSM253729
blood	All Non-Target Tissues	-0.08504602091859831	GSM253729
blood	All Non-Target Tissues	0.3480182374798428	GSM253729
blood	All Non-Target Tissues	0.18535745328155856	GSM253729
blood	All Non-Target Tissues	-0.6220299617875615	GSM253729
blood	Target Tissue	11.035322275216181	GSM253716
blood	All Non-Target Tissues	0.6476655146386315	GSM253716
blood	All Non-Target Tissues	-0.05888136879823318	GSM253716
blood	All Non-Target Tissues	-0.9493503585878671	GSM253716
blood	All Non-Target Tissues	-1.9322138622315759	GSM253716
blood	All Non-Target Tissues	-0.30233164603315243	GSM253716
blood	Target Tissue	8.120019647991853	GSM253694
blood	All Non-Target Tissues	0.3070307365024426	GSM253694
blood	All Non-Target Tissues	0.4400850593835626	GSM253694
blood	All Non-Target Tissues	-0.04135466319791706	GSM253694
blood	All Non-Target Tissues	-1.4805616096859777	GSM253694
blood	All Non-Target Tissues	-0.10088429421272845	GSM253694
blood	Target Tissue	-0.8752597520062378	GSM253675
blood	All Non-Target Tissues	-0.603720750398049	GSM253675
blood	All Non-Target Tissues	-0.6208344950548007	GSM253675
blood	All Non-Target Tissues	0.4013110474823878	GSM253675
blood	All Non-Target Tissues	-1.0301781495477023	GSM253675
blood	All Non-Target Tissues	-0.26225302927823896	GSM253675
blood	Target Tissue	2.0171719054919945	GSM253697
blood	All Non-Target Tissues	-0.4548990720174859	GSM253697
blood	All Non-Target Tissues	0.09585586076831545	GSM253697
blood	All Non-Target Tissues	0.02669554876544888	GSM253697
blood	All Non-Target Tissues	-1.3179064926156332	GSM253697
blood	All Non-Target Tissues	-0.15034788762559667	GSM253697
blood	Target Tissue	-0.33044595235453855	GSM253727
blood	All Non-Target Tissues	-0.17036026473075178	GSM253727
blood	All Non-Target Tissues	-0.6229994854213143	GSM253727
blood	All Non-Target Tissues	-0.5177342615763748	GSM253727
blood	All Non-Target Tissues	-2.8735309643322546	GSM253727
blood	All Non-Target Tissues	-0.47927782034562266	GSM253727
blood	Target Tissue	-2.442461938336764	GSM253701
blood	All Non-Target Tissues	-0.1451123152565277	GSM253701
blood	All Non-Target Tissues	-0.8510455728325703	GSM253701
blood	All Non-Target Tissues	0.28972876209086595	GSM253701
blood	All Non-Target Tissues	-2.676849962868988	GSM253701
blood	All Non-Target Tissues	0.35910870696499575	GSM253701
blood	Target Tissue	-1.5847133923630492	GSM253677
blood	All Non-Target Tissues	-0.27233723466652604	GSM253677
blood	All Non-Target Tissues	-0.2799255072818368	GSM253677
blood	All Non-Target Tissues	0.7654233056373525	GSM253677
blood	All Non-Target Tissues	-1.8429409470637783	GSM253677
blood	All Non-Target Tissues	-0.5702314546365234	GSM253677
blood	Target Tissue	-2.7339327242402462	GSM253679
blood	All Non-Target Tissues	-0.12792376868949856	GSM253679
blood	All Non-Target Tissues	-0.6996675564274827	GSM253679
blood	All Non-Target Tissues	-0.8177168006402721	GSM253679
blood	All Non-Target Tissues	-2.134655852834032	GSM253679
blood	All Non-Target Tissues	0.70582618489774	GSM253679
blood	Target Tissue	-0.11667055641691407	GSM253709
blood	All Non-Target Tissues	0.5825456389324523	GSM253709
blood	All Non-Target Tissues	0.6683970945707819	GSM253709
blood	All Non-Target Tissues	1.0707925606234603	GSM253709
blood	All Non-Target Tissues	0.1325858947092814	GSM253709
blood	All Non-Target Tissues	-1.08046255235918	GSM253709
blood	Target Tissue	-1.6901010372459773	GSM253699
blood	All Non-Target Tissues	-0.5122140881180793	GSM253699
blood	All Non-Target Tissues	2.359687258158671	GSM253699
blood	All Non-Target Tissues	0.449452245404577	GSM253699
blood	All Non-Target Tissues	-0.9473609309561789	GSM253699
blood	All Non-Target Tissues	-0.25234117047646365	GSM253699
blood	Target Tissue	-1.5589943900423406	GSM253693
blood	All Non-Target Tissues	-0.08478762257171746	GSM253693
blood	All Non-Target Tissues	-0.18391847146588178	GSM253693
blood	All Non-Target Tissues	-0.5783757508306034	GSM253693
blood	All Non-Target Tissues	-0.9754026843941942	GSM253693
blood	All Non-Target Tissues	0.24736367854038732	GSM253693
blood	Target Tissue	0.45021074698229147	GSM253696
blood	All Non-Target Tissues	-0.35716259901861436	GSM253696
blood	All Non-Target Tissues	0.2847716122067984	GSM253696
blood	All Non-Target Tissues	-0.012510409087666556	GSM253696
blood	All Non-Target Tissues	-0.4750729409190126	GSM253696
blood	All Non-Target Tissues	-0.1146171872293429	GSM253696
blood	Target Tissue	1.8739731643368678	GSM253673
blood	All Non-Target Tissues	-0.5721090847566523	GSM253673
blood	All Non-Target Tissues	1.705680464587115	GSM253673
blood	All Non-Target Tissues	0.5278146937647398	GSM253673
blood	All Non-Target Tissues	-0.4752620206128566	GSM253673
blood	All Non-Target Tissues	0.29991169804790657	GSM253673
blood	Target Tissue	0.7056601150414222	GSM253690
blood	All Non-Target Tissues	-0.4523060979113945	GSM253690
blood	All Non-Target Tissues	0.950345668976323	GSM253690
blood	All Non-Target Tissues	0.3025444855014304	GSM253690
blood	All Non-Target Tissues	-1.3543909229123945	GSM253690
blood	All Non-Target Tissues	-0.09351627699490399	GSM253690
blood	Target Tissue	6.882334179073492	GSM253711
blood	All Non-Target Tissues	0.15206314469288693	GSM253711
blood	All Non-Target Tissues	-0.4461390088797232	GSM253711
blood	All Non-Target Tissues	-0.06049018834546375	GSM253711
blood	All Non-Target Tissues	-1.1850357813703696	GSM253711
blood	All Non-Target Tissues	0.5414765991956784	GSM253711
blood	Target Tissue	3.4314519695092076	GSM253725
blood	All Non-Target Tissues	0.020927463708203958	GSM253725
blood	All Non-Target Tissues	0.45275317410225036	GSM253725
blood	All Non-Target Tissues	0.16678911601314714	GSM253725
blood	All Non-Target Tissues	-3.0600109080867433	GSM253725
blood	All Non-Target Tissues	-0.3554817424022654	GSM253725
blood	Target Tissue	-0.4574090402263719	GSM253710
blood	All Non-Target Tissues	-0.18998901467332444	GSM253710
blood	All Non-Target Tissues	-0.5433246005395648	GSM253710
blood	All Non-Target Tissues	-0.21090001165573277	GSM253710
blood	All Non-Target Tissues	-1.2405346845870964	GSM253710
blood	All Non-Target Tissues	0.04555366470147247	GSM253710
blood	Target Tissue	4.4755165032708195	GSM253715
blood	All Non-Target Tissues	-0.19133400277730245	GSM253715
blood	All Non-Target Tissues	-0.3919365271859068	GSM253715
blood	All Non-Target Tissues	-0.5552628878277981	GSM253715
blood	All Non-Target Tissues	-0.28152291082892267	GSM253715
blood	All Non-Target Tissues	-1.4023082461531717	GSM253715
blood	Target Tissue	3.612372032765518	GSM253717
blood	All Non-Target Tissues	0.06999283719024192	GSM253717
blood	All Non-Target Tissues	-0.0981133316444744	GSM253717
blood	All Non-Target Tissues	0.14490293509638405	GSM253717
blood	All Non-Target Tissues	-3.2168399432831163	GSM253717
blood	All Non-Target Tissues	0.5478501240438591	GSM253717
blood	Target Tissue	0.48509781774961414	GSM253700
blood	All Non-Target Tissues	-0.5465646845341037	GSM253700
blood	All Non-Target Tissues	0.5581903762866608	GSM253700
blood	All Non-Target Tissues	-0.8456613826095029	GSM253700
blood	All Non-Target Tissues	-1.4391775120664463	GSM253700
blood	All Non-Target Tissues	-0.39152518457197516	GSM253700
blood	Target Tissue	1.3404670967010537	GSM253692
blood	All Non-Target Tissues	-0.12136214886335606	GSM253692
blood	All Non-Target Tissues	-0.005968696106345171	GSM253692
blood	All Non-Target Tissues	0.2709247933897379	GSM253692
blood	All Non-Target Tissues	0.0041882185757196695	GSM253692
blood	All Non-Target Tissues	-0.9799395737420568	GSM253692
blood	Target Tissue	5.547534286089566	GSM253723
blood	All Non-Target Tissues	-0.17518097704434568	GSM253723
blood	All Non-Target Tissues	-0.6226461798272603	GSM253723
blood	All Non-Target Tissues	-0.39223638909518943	GSM253723
blood	All Non-Target Tissues	-1.657936664517409	GSM253723
blood	All Non-Target Tissues	-0.24191320772568592	GSM253723
blood	Target Tissue	1.7424103876212338	GSM253720
blood	All Non-Target Tissues	0.6147417567544413	GSM253720
blood	All Non-Target Tissues	0.46541506802778687	GSM253720
blood	All Non-Target Tissues	-0.5390594945296141	GSM253720
blood	All Non-Target Tissues	-1.7459882308447523	GSM253720
blood	All Non-Target Tissues	-0.3826656445427478	GSM253720
blood	Target Tissue	-0.7251708602062585	GSM253676
blood	All Non-Target Tissues	-0.6146789044710846	GSM253676
blood	All Non-Target Tissues	1.1896880181187295	GSM253676
blood	All Non-Target Tissues	0.5753471087734416	GSM253676
blood	All Non-Target Tissues	-1.5748077184722251	GSM253676
blood	All Non-Target Tissues	-0.08668217526071768	GSM253676
blood	Target Tissue	-0.1512641173126589	GSM253714
blood	All Non-Target Tissues	0.3775123368002259	GSM253714
blood	All Non-Target Tissues	-0.028988077136079166	GSM253714
blood	All Non-Target Tissues	0.39350383847359327	GSM253714
blood	All Non-Target Tissues	-1.04965899769735	GSM253714
blood	All Non-Target Tissues	0.18987287398095665	GSM253714
blood	Target Tissue	-3.5692646666442314	GSM253722
blood	All Non-Target Tissues	-0.8023677646996328	GSM253722
blood	All Non-Target Tissues	0.6921695148396164	GSM253722
blood	All Non-Target Tissues	0.9993736103477588	GSM253722
blood	All Non-Target Tissues	-0.8916592508306289	GSM253722
blood	All Non-Target Tissues	-0.918224504180395	GSM253722
blood	Target Tissue	-0.9214818708691996	GSM280224
blood	All Non-Target Tissues	0.481660749169859	GSM280224
blood	All Non-Target Tissues	-0.8212944664226399	GSM280224
blood	All Non-Target Tissues	-0.8931364165581966	GSM280224
blood	All Non-Target Tissues	-0.7398432104539692	GSM280224
blood	All Non-Target Tissues	0.18498626373139393	GSM280224
blood	Target Tissue	-0.3714436606381847	GSM280213
blood	All Non-Target Tissues	-0.15400004358090547	GSM280213
blood	All Non-Target Tissues	-0.5510654136240412	GSM280213
blood	All Non-Target Tissues	-0.21516978571948156	GSM280213
blood	All Non-Target Tissues	-0.29581179329493446	GSM280213
blood	All Non-Target Tissues	-0.15540521970905893	GSM280213
blood	Target Tissue	-0.43942849748292995	GSM280220
blood	All Non-Target Tissues	0.742331752368844	GSM280220
blood	All Non-Target Tissues	-0.08455391952438739	GSM280220
blood	All Non-Target Tissues	-0.14357962047817435	GSM280220
blood	All Non-Target Tissues	-0.5145932644226865	GSM280220
blood	All Non-Target Tissues	0.38326608605853774	GSM280220
blood	Target Tissue	-0.5858359787039288	GSM280223
blood	All Non-Target Tissues	0.2624585446806201	GSM280223
blood	All Non-Target Tissues	-0.5201337758817111	GSM280223
blood	All Non-Target Tissues	-0.7773766333045548	GSM280223
blood	All Non-Target Tissues	0.27632305061373924	GSM280223
blood	All Non-Target Tissues	0.038478628272705755	GSM280223
blood	Target Tissue	-1.3685243358868933	GSM280217
blood	All Non-Target Tissues	-0.2856139767144152	GSM280217
blood	All Non-Target Tissues	-1.3279940232088183	GSM280217
blood	All Non-Target Tissues	-0.9869296500296304	GSM280217
blood	All Non-Target Tissues	-0.37510299218913756	GSM280217
blood	All Non-Target Tissues	-0.656524927131592	GSM280217
blood	Target Tissue	-0.38433734718332485	GSM463184
blood	All Non-Target Tissues	-0.2031447424441121	GSM463184
blood	All Non-Target Tissues	1.0033626261399704	GSM463184
blood	All Non-Target Tissues	0.8144617938404574	GSM463184
blood	All Non-Target Tissues	-0.40532528163078296	GSM463184
blood	All Non-Target Tissues	0.3008912112214595	GSM463184
blood	Target Tissue	0.10378317304262669	GSM463183
blood	All Non-Target Tissues	-0.6824231883432044	GSM463183
blood	All Non-Target Tissues	1.112155019661567	GSM463183
blood	All Non-Target Tissues	0.5801442461048611	GSM463183
blood	All Non-Target Tissues	0.1990336846246952	GSM463183
blood	All Non-Target Tissues	0.2562093977271647	GSM463183
blood	Target Tissue	0.32405623295795327	GSM463182
blood	All Non-Target Tissues	-0.921248588455517	GSM463182
blood	All Non-Target Tissues	-0.12182021907577237	GSM463182
blood	All Non-Target Tissues	0.4262426398425224	GSM463182
blood	All Non-Target Tissues	-0.509207738525619	GSM463182
blood	All Non-Target Tissues	-0.45247537689189316	GSM463182
blood	Target Tissue	-0.028984088002263035	GSM551197
blood	All Non-Target Tissues	0.3045769128164012	GSM551197
blood	All Non-Target Tissues	-0.18520229584548176	GSM551197
blood	All Non-Target Tissues	-0.16594325636834917	GSM551197
blood	All Non-Target Tissues	-0.08890920171066932	GSM551197
blood	All Non-Target Tissues	-0.003120510091233074	GSM551197
blood	Target Tissue	-0.027400800799800108	GSM551196
blood	All Non-Target Tissues	-0.23163181635171542	GSM551196
blood	All Non-Target Tissues	0.05556048226015451	GSM551196
blood	All Non-Target Tissues	-0.24649753003412753	GSM551196
blood	All Non-Target Tissues	0.4529541488045933	GSM551196
blood	All Non-Target Tissues	0.37831453906561013	GSM551196
blood	Target Tissue	-0.2556149871057001	GSM551195
blood	All Non-Target Tissues	-0.22098091229477554	GSM551195
blood	All Non-Target Tissues	-0.21522505564187072	GSM551195
blood	All Non-Target Tissues	-0.31550048260751196	GSM551195
blood	All Non-Target Tissues	-0.2365969778809893	GSM551195
blood	All Non-Target Tissues	-0.1019033129283645	GSM551195
blood	Target Tissue	-0.07057198552409438	GSM656438
blood	All Non-Target Tissues	0.5411847817904353	GSM656438
blood	All Non-Target Tissues	-0.36481003241649884	GSM656438
blood	All Non-Target Tissues	0.14119142039107588	GSM656438
blood	All Non-Target Tissues	-0.2684322910516091	GSM656438
blood	All Non-Target Tissues	0.31890358059583607	GSM656438
blood	Target Tissue	0.5497268402271948	GSM656439
blood	All Non-Target Tissues	1.0612724587301396	GSM656439
blood	All Non-Target Tissues	-0.6504653902043829	GSM656439
blood	All Non-Target Tissues	0.8398354155957439	GSM656439
blood	All Non-Target Tissues	-0.32629206359912916	GSM656439
blood	All Non-Target Tissues	0.4341216551956786	GSM656439
liver	All Non-Target Tissues	-0.2647328411541647	GSM259831
liver	Target Tissue	3.8587390243041844	GSM259831
liver	All Non-Target Tissues	-0.41690828094746374	GSM259831
liver	All Non-Target Tissues	-0.34473887142878534	GSM259831
liver	All Non-Target Tissues	-0.3528493478915889	GSM259831
liver	All Non-Target Tissues	-0.1407425806340008	GSM259831
liver	All Non-Target Tissues	-0.1682298282485804	GSM259836
liver	Target Tissue	3.5670330710198597	GSM259836
liver	All Non-Target Tissues	-0.10117857582542024	GSM259836
liver	All Non-Target Tissues	-0.24606026488092692	GSM259836
liver	All Non-Target Tissues	-0.24289864296217012	GSM259836
liver	All Non-Target Tissues	-0.3863717449978287	GSM259836
liver	All Non-Target Tissues	-0.2603105000422413	GSM259832
liver	Target Tissue	4.051780422619353	GSM259832
liver	All Non-Target Tissues	-0.3850111113649561	GSM259832
liver	All Non-Target Tissues	-0.2974942553743829	GSM259832
liver	All Non-Target Tissues	-0.33381651670499307	GSM259832
liver	All Non-Target Tissues	-0.34096083195085025	GSM259832
liver	All Non-Target Tissues	-0.3059501347199172	GSM259833
liver	Target Tissue	3.8994853261413165	GSM259833
liver	All Non-Target Tissues	-0.34706176760661367	GSM259833
liver	All Non-Target Tissues	-0.38246331654107707	GSM259833
liver	All Non-Target Tissues	-0.4091597024969183	GSM259833
liver	All Non-Target Tissues	-0.16856601231848112	GSM259833
liver	All Non-Target Tissues	-0.21716427421923512	GSM259834
liver	Target Tissue	3.487729020441525	GSM259834
liver	All Non-Target Tissues	-0.0979282206445923	GSM259834
liver	All Non-Target Tissues	-0.14383656012291984	GSM259834
liver	All Non-Target Tissues	-0.4325157382167322	GSM259834
liver	All Non-Target Tissues	-0.39085025813443464	GSM259834
liver	All Non-Target Tissues	-0.10509273564752647	GSM259835
liver	Target Tissue	3.5917114408086612	GSM259835
liver	All Non-Target Tissues	-0.08858411654245804	GSM259835
liver	All Non-Target Tissues	-0.3448541808966716	GSM259835
liver	All Non-Target Tissues	-0.24485943336022953	GSM259835
liver	All Non-Target Tissues	-0.31495104330067397	GSM259835
liver	All Non-Target Tissues	-0.26462820057494496	GSM301600
liver	Target Tissue	7.252056771739269	GSM301600
liver	All Non-Target Tissues	-0.25334461655413204	GSM301600
liver	All Non-Target Tissues	-0.3248106472906674	GSM301600
liver	All Non-Target Tissues	-0.5186398247431957	GSM301600
liver	All Non-Target Tissues	0.8927065139794088	GSM301600
liver	All Non-Target Tissues	-0.32003433844315365	GSM301594
liver	Target Tissue	8.791446188287377	GSM301594
liver	All Non-Target Tissues	-1.0451201107330133	GSM301594
liver	All Non-Target Tissues	-0.1775928803446418	GSM301594
liver	All Non-Target Tissues	-0.8177371557342201	GSM301594
liver	All Non-Target Tissues	0.2947333646159622	GSM301594
liver	All Non-Target Tissues	-0.6813745518171087	GSM301595
liver	Target Tissue	9.457794031103546	GSM301595
liver	All Non-Target Tissues	-0.7746293444694795	GSM301595
liver	All Non-Target Tissues	-0.3333768503228225	GSM301595
liver	All Non-Target Tissues	-1.4339059544862862	GSM301595
liver	All Non-Target Tissues	-0.25034918768467235	GSM301595
liver	All Non-Target Tissues	-0.4240773476556648	GSM301592
liver	Target Tissue	10.420840370065006	GSM301592
liver	All Non-Target Tissues	-0.5867129430071267	GSM301592
liver	All Non-Target Tissues	-0.8201128207476529	GSM301592
liver	All Non-Target Tissues	-0.22878862443387657	GSM301592
liver	All Non-Target Tissues	-1.0053219866045005	GSM301592
liver	All Non-Target Tissues	-0.352349772466458	GSM301599
liver	Target Tissue	8.594402472566065	GSM301599
liver	All Non-Target Tissues	-0.7605801811015678	GSM301599
liver	All Non-Target Tissues	-0.48479852324228145	GSM301599
liver	All Non-Target Tissues	0.2292880524018304	GSM301599
liver	All Non-Target Tissues	-0.4788620590770255	GSM301599
liver	All Non-Target Tissues	-0.4614625694767807	GSM301602
liver	Target Tissue	7.788685045496672	GSM301602
liver	All Non-Target Tissues	0.12776464116029598	GSM301602
liver	All Non-Target Tissues	-0.34066501214168426	GSM301602
liver	All Non-Target Tissues	-0.10997659221859583	GSM301602
liver	All Non-Target Tissues	-0.07614740118532592	GSM301602
liver	All Non-Target Tissues	-0.8049639256675307	GSM301596
liver	Target Tissue	9.99119528342211	GSM301596
liver	All Non-Target Tissues	-0.7065209033040655	GSM301596
liver	All Non-Target Tissues	-0.23920902894963678	GSM301596
liver	All Non-Target Tissues	-1.0984832515651848	GSM301596
liver	All Non-Target Tissues	0.06788581034353595	GSM301596
liver	All Non-Target Tissues	-0.2033870434290591	GSM301589
liver	Target Tissue	8.330310529096526	GSM301589
liver	All Non-Target Tissues	-0.5765702733922089	GSM301589
liver	All Non-Target Tissues	-0.07963858019351205	GSM301589
liver	All Non-Target Tissues	-0.8880994274626753	GSM301589
liver	All Non-Target Tissues	0.8454295363936601	GSM301589
liver	All Non-Target Tissues	-0.5216532692418809	GSM301604
liver	Target Tissue	12.205198782222118	GSM301604
liver	All Non-Target Tissues	-0.35538676640213474	GSM301604
liver	All Non-Target Tissues	-0.4074004864384635	GSM301604
liver	All Non-Target Tissues	-1.8826661799994342	GSM301604
liver	All Non-Target Tissues	-0.29519338449588517	GSM301604
liver	All Non-Target Tissues	-0.3962179422253407	GSM301593
liver	Target Tissue	6.715047500416219	GSM301593
liver	All Non-Target Tissues	-0.25131118338407676	GSM301593
liver	All Non-Target Tissues	-0.01826469382794723	GSM301593
liver	All Non-Target Tissues	-1.2496256824866947	GSM301593
liver	All Non-Target Tissues	-0.5113310474645912	GSM301593
liver	All Non-Target Tissues	-0.5010098767379129	GSM301603
liver	Target Tissue	10.740351562701752	GSM301603
liver	All Non-Target Tissues	-1.5581964997912834	GSM301603
liver	All Non-Target Tissues	-0.5893240954083367	GSM301603
liver	All Non-Target Tissues	-1.4754852845281576	GSM301603
liver	All Non-Target Tissues	-0.07430087377817603	GSM301603
liver	All Non-Target Tissues	-0.30704377403140304	GSM301590
liver	Target Tissue	8.58869721700492	GSM301590
liver	All Non-Target Tissues	-0.3485116438018167	GSM301590
liver	All Non-Target Tissues	-0.3097137164751854	GSM301590
liver	All Non-Target Tissues	-0.336069345598545	GSM301590
liver	All Non-Target Tissues	0.17720927135676182	GSM301590
liver	All Non-Target Tissues	-0.5769113248580507	GSM301605
liver	Target Tissue	8.95072894862119	GSM301605
liver	All Non-Target Tissues	-0.5497333868272757	GSM301605
liver	All Non-Target Tissues	-0.11058195487040491	GSM301605
liver	All Non-Target Tissues	-0.9358874827107098	GSM301605
liver	All Non-Target Tissues	0.4375254662201231	GSM301605
liver	All Non-Target Tissues	-0.5302447780747214	GSM301606
liver	Target Tissue	9.706057411674612	GSM301606
liver	All Non-Target Tissues	-1.0132659927418612	GSM301606
liver	All Non-Target Tissues	-0.6503892515516078	GSM301606
liver	All Non-Target Tissues	-0.7632343089220834	GSM301606
liver	All Non-Target Tissues	-0.6514809854340123	GSM301606
liver	All Non-Target Tissues	-0.813244773411525	GSM301597
liver	Target Tissue	10.439807079187371	GSM301597
liver	All Non-Target Tissues	-0.96248801813733	GSM301597
liver	All Non-Target Tissues	-0.8820284436645209	GSM301597
liver	All Non-Target Tissues	-0.972439998953553	GSM301597
liver	All Non-Target Tissues	-1.1103023757371246	GSM301597
liver	All Non-Target Tissues	-0.17384008151541905	GSM301601
liver	Target Tissue	5.666221034553524	GSM301601
liver	All Non-Target Tissues	-0.7827456680405693	GSM301601
liver	All Non-Target Tissues	-0.3789620526868367	GSM301601
liver	All Non-Target Tissues	-0.781961155459662	GSM301601
liver	All Non-Target Tissues	0.8010148806668034	GSM301601
liver	All Non-Target Tissues	-0.6031726975886124	GSM301588
liver	Target Tissue	7.472754494937109	GSM301588
liver	All Non-Target Tissues	-0.565611579200282	GSM301588
liver	All Non-Target Tissues	0.1323501006106243	GSM301588
liver	All Non-Target Tissues	-0.5706022384780631	GSM301588
liver	All Non-Target Tissues	-0.33238288048771	GSM301588
liver	All Non-Target Tissues	1.34149851817383	GSM301591
liver	Target Tissue	8.751315954496267	GSM301591
liver	All Non-Target Tissues	-0.4972939531396333	GSM301591
liver	All Non-Target Tissues	-0.3572519430329868	GSM301591
liver	All Non-Target Tissues	-0.9036756746301475	GSM301591
liver	All Non-Target Tissues	0.7157483964993011	GSM301591
liver	All Non-Target Tissues	0.5361256876289443	GSM302416
liver	Target Tissue	0.4475920089187686	GSM302416
liver	All Non-Target Tissues	1.058917795615706	GSM302416
liver	All Non-Target Tissues	1.031615276169021	GSM302416
liver	All Non-Target Tissues	3.946345200325741	GSM302416
liver	All Non-Target Tissues	-0.8020866025783201	GSM302416
liver	All Non-Target Tissues	0.3576048445180037	GSM302414
liver	Target Tissue	0.15918567967983965	GSM302414
liver	All Non-Target Tissues	-0.061741594888912406	GSM302414
liver	All Non-Target Tissues	-0.5376383657717225	GSM302414
liver	All Non-Target Tissues	4.273199592758696	GSM302414
liver	All Non-Target Tissues	-0.5541739873358558	GSM302414
liver	All Non-Target Tissues	0.5037532770922216	GSM302415
liver	Target Tissue	1.0564894214372678	GSM302415
liver	All Non-Target Tissues	-0.4755508267404725	GSM302415
liver	All Non-Target Tissues	-1.5653928736793237	GSM302415
liver	All Non-Target Tissues	4.865112950218363	GSM302415
liver	All Non-Target Tissues	-1.0513081624807699	GSM302415
liver	All Non-Target Tissues	0.1763985033500347	GSM302417
liver	Target Tissue	0.7011435080222653	GSM302417
liver	All Non-Target Tissues	-1.0103021342047516	GSM302417
liver	All Non-Target Tissues	-1.6158508384930945	GSM302417
liver	All Non-Target Tissues	3.8355640643717814	GSM302417
liver	All Non-Target Tissues	-0.5755724505764	GSM302417
liver	All Non-Target Tissues	-1.5115964227006922	GSM301104
liver	Target Tissue	2.7608137984315246	GSM301104
liver	All Non-Target Tissues	-0.6871879616167923	GSM301104
liver	All Non-Target Tissues	-0.3461119550685903	GSM301104
liver	All Non-Target Tissues	0.27341978240856935	GSM301104
liver	All Non-Target Tissues	-1.627213312866606	GSM301104
liver	All Non-Target Tissues	-1.574129551198974	GSM301133
liver	Target Tissue	3.572200532643277	GSM301133
liver	All Non-Target Tissues	-0.8770161947663546	GSM301133
liver	All Non-Target Tissues	0.5926880539594255	GSM301133
liver	All Non-Target Tissues	0.5521381409735131	GSM301133
liver	All Non-Target Tissues	-1.4956194776633243	GSM301133
liver	All Non-Target Tissues	-1.4090706778403896	GSM301106
liver	Target Tissue	2.916204251643647	GSM301106
liver	All Non-Target Tissues	-0.8161232534933446	GSM301106
liver	All Non-Target Tissues	-0.6421047184444669	GSM301106
liver	All Non-Target Tissues	-0.24492015824761248	GSM301106
liver	All Non-Target Tissues	-1.1704423795703771	GSM301106
liver	All Non-Target Tissues	-1.2173753423796307	GSM301132
liver	Target Tissue	4.538275773057115	GSM301132
liver	All Non-Target Tissues	-0.6775724114304114	GSM301132
liver	All Non-Target Tissues	1.4749223335560022	GSM301132
liver	All Non-Target Tissues	0.1688310826594516	GSM301132
liver	All Non-Target Tissues	-1.801491275303265	GSM301132
liver	All Non-Target Tissues	-1.393228143659816	GSM301105
liver	Target Tissue	2.5387066210653066	GSM301105
liver	All Non-Target Tissues	-2.4436181317530057	GSM301105
liver	All Non-Target Tissues	-0.27960292326307323	GSM301105
liver	All Non-Target Tissues	-0.6662091524181774	GSM301105
liver	All Non-Target Tissues	-0.658618501800182	GSM301105
liver	All Non-Target Tissues	-1.0821934395269102	GSM301119
liver	Target Tissue	5.547955951176144	GSM301119
liver	All Non-Target Tissues	-1.1122483745340492	GSM301119
liver	All Non-Target Tissues	0.04086061686066863	GSM301119
liver	All Non-Target Tissues	0.1216507638073501	GSM301119
liver	All Non-Target Tissues	-2.1256483126778987	GSM301119
liver	All Non-Target Tissues	-0.50892264298802	GSM323069
liver	Target Tissue	4.019937999816724	GSM323069
liver	All Non-Target Tissues	-0.5205937621260041	GSM323069
liver	All Non-Target Tissues	-0.2513013382350256	GSM323069
liver	All Non-Target Tissues	0.0185007981007682	GSM323069
liver	All Non-Target Tissues	-0.9932007043413636	GSM323069
liver	All Non-Target Tissues	-0.5628529286399169	GSM323068
liver	Target Tissue	4.01492248945916	GSM323068
liver	All Non-Target Tissues	-0.33028227391246834	GSM323068
liver	All Non-Target Tissues	-0.4084159913279296	GSM323068
liver	All Non-Target Tissues	-0.34182528179126564	GSM323068
liver	All Non-Target Tissues	-0.8718756922753917	GSM323068
liver	All Non-Target Tissues	-0.5743491961393429	GSM323067
liver	Target Tissue	4.022601364983562	GSM323067
liver	All Non-Target Tissues	-0.4153774291673768	GSM323067
liver	All Non-Target Tissues	-0.5129835029733791	GSM323067
liver	All Non-Target Tissues	-0.08505837144214713	GSM323067
liver	All Non-Target Tissues	-0.8144274538779396	GSM323067
liver	All Non-Target Tissues	-0.4462894091571213	GSM323070
liver	Target Tissue	3.946326378750661	GSM323070
liver	All Non-Target Tissues	-0.5442580013170026	GSM323070
liver	All Non-Target Tissues	-0.3551061331651189	GSM323070
liver	All Non-Target Tissues	0.07288013065431038	GSM323070
liver	All Non-Target Tissues	-0.8860001777391148	GSM323070
liver	All Non-Target Tissues	-0.5267761870602339	GSM323066
liver	Target Tissue	4.205139052991076	GSM323066
liver	All Non-Target Tissues	-0.3400894631241831	GSM323066
liver	All Non-Target Tissues	-0.512059416568334	GSM323066
liver	All Non-Target Tissues	-0.35340377860955385	GSM323066
liver	All Non-Target Tissues	-0.8267448058010227	GSM323066
liver	All Non-Target Tissues	-0.40200779881463106	GSM323071
liver	Target Tissue	3.8938818303227976	GSM323071
liver	All Non-Target Tissues	-0.5116053290618531	GSM323071
liver	All Non-Target Tissues	-0.36609877124656975	GSM323071
liver	All Non-Target Tissues	0.018360360499615088	GSM323071
liver	All Non-Target Tissues	-0.9523202322540212	GSM323071
breast	All Non-Target Tissues	-0.46978166732638676	GSM289651
breast	All Non-Target Tissues	-0.9332494563803848	GSM289651
breast	Target Tissue	7.216313429941056	GSM289651
breast	All Non-Target Tissues	-0.31893605294753175	GSM289651
breast	All Non-Target Tissues	-0.876956201098683	GSM289651
breast	All Non-Target Tissues	0.10471761219246097	GSM289651
breast	All Non-Target Tissues	0.7865168159544073	GSM318856
breast	All Non-Target Tissues	1.8197151098198834	GSM318856
breast	Target Tissue	7.182524915124984	GSM318856
breast	All Non-Target Tissues	0.9343898933208348	GSM318856
breast	All Non-Target Tissues	2.4146406678891745	GSM318856
breast	All Non-Target Tissues	0.2742812428225388	GSM318856
breast	All Non-Target Tissues	0.40284553824001035	GSM318859
breast	All Non-Target Tissues	0.7267021330672432	GSM318859
breast	Target Tissue	8.125724002592149	GSM318859
breast	All Non-Target Tissues	0.5306788254866861	GSM318859
breast	All Non-Target Tissues	1.0869266897898306	GSM318859
breast	All Non-Target Tissues	0.19802200302003506	GSM318859
breast	All Non-Target Tissues	-0.17837473057642206	GSM318854
breast	All Non-Target Tissues	1.4112294017179428	GSM318854
breast	Target Tissue	12.52297687428028	GSM318854
breast	All Non-Target Tissues	-0.018250945573472992	GSM318854
breast	All Non-Target Tissues	0.5425533116021	GSM318854
breast	All Non-Target Tissues	-0.4263321236110908	GSM318854
breast	All Non-Target Tissues	0.9456166217711864	GSM318855
breast	All Non-Target Tissues	2.0699169372835398	GSM318855
breast	Target Tissue	10.472333794172046	GSM318855
breast	All Non-Target Tissues	1.1367683850355605	GSM318855
breast	All Non-Target Tissues	1.0663503783743515	GSM318855
breast	All Non-Target Tissues	0.6232197864097982	GSM318855
breast	All Non-Target Tissues	0.6656482589889149	GSM292137
breast	All Non-Target Tissues	2.0473855422047973	GSM292137
breast	Target Tissue	15.804791105714825	GSM292137
breast	All Non-Target Tissues	0.8271633068089845	GSM292137
breast	All Non-Target Tissues	0.36031654648156275	GSM292137
breast	All Non-Target Tissues	-1.0046475197605438	GSM292137
breast	All Non-Target Tissues	-0.10146073587770314	GSM292136
breast	All Non-Target Tissues	1.8720300464493314	GSM292136
breast	Target Tissue	12.075397167552708	GSM292136
breast	All Non-Target Tissues	0.1599240257166168	GSM292136
breast	All Non-Target Tissues	0.4716992502123005	GSM292136
breast	All Non-Target Tissues	-0.539348552417236	GSM292136
breast	All Non-Target Tissues	0.19452674436519363	GSM292139
breast	All Non-Target Tissues	1.1400214797665829	GSM292139
breast	Target Tissue	11.30698335495756	GSM292139
breast	All Non-Target Tissues	0.6077440200202165	GSM292139
breast	All Non-Target Tissues	0.8360166096343015	GSM292139
breast	All Non-Target Tissues	-0.21336760723159928	GSM292139
breast	All Non-Target Tissues	0.04746200722802102	GSM292138
breast	All Non-Target Tissues	0.3356649508007086	GSM292138
breast	Target Tissue	6.586742922921245	GSM292138
breast	All Non-Target Tissues	1.3428918341459435	GSM292138
breast	All Non-Target Tissues	0.8423715379060864	GSM292138
breast	All Non-Target Tissues	0.01120470805497446	GSM292138
breast	All Non-Target Tissues	-0.6848901192815982	GSM343847
breast	All Non-Target Tissues	-0.24783347831092553	GSM343847
breast	Target Tissue	-0.35239644862488767	GSM343847
breast	All Non-Target Tissues	-0.8232477404864704	GSM343847
breast	All Non-Target Tissues	-0.5421105855613061	GSM343847
breast	All Non-Target Tissues	0.13195278422898143	GSM343847
breast	All Non-Target Tissues	-0.6850258728378357	GSM343841
breast	All Non-Target Tissues	-0.416655744607237	GSM343841
breast	Target Tissue	-0.6366039674325565	GSM343841
breast	All Non-Target Tissues	-0.6948898829385255	GSM343841
breast	All Non-Target Tissues	-0.13269823497155359	GSM343841
breast	All Non-Target Tissues	-0.09515024335409235	GSM343841
breast	All Non-Target Tissues	-0.2146158636243664	GSM343838
breast	All Non-Target Tissues	0.001344916529998013	GSM343838
breast	Target Tissue	-1.0785404242148864	GSM343838
breast	All Non-Target Tissues	-0.4372553781580538	GSM343838
breast	All Non-Target Tissues	0.2870095592744799	GSM343838
breast	All Non-Target Tissues	0.22119262690694536	GSM343838
breast	All Non-Target Tissues	-0.4729972315429659	GSM343837
breast	All Non-Target Tissues	0.22283285020739538	GSM343837
breast	Target Tissue	-0.47019557989002897	GSM343837
breast	All Non-Target Tissues	-0.8439826024084459	GSM343837
breast	All Non-Target Tissues	-0.2410592876632134	GSM343837
breast	All Non-Target Tissues	0.41902818730821906	GSM343837
breast	All Non-Target Tissues	-0.12519028137796742	GSM343835
breast	All Non-Target Tissues	-0.3201333616404632	GSM343835
breast	Target Tissue	-0.43674315684064735	GSM343835
breast	All Non-Target Tissues	-0.3501177951478404	GSM343835
breast	All Non-Target Tissues	0.09276331175380878	GSM343835
breast	All Non-Target Tissues	0.24941558203934897	GSM343835
breast	All Non-Target Tissues	-0.20661711078873324	GSM343840
breast	All Non-Target Tissues	-0.32388140423877576	GSM343840
breast	Target Tissue	0.2387916358412422	GSM343840
breast	All Non-Target Tissues	-0.3119476592580541	GSM343840
breast	All Non-Target Tissues	0.39163750242760065	GSM343840
breast	All Non-Target Tissues	-0.38676554698445276	GSM343840
breast	All Non-Target Tissues	-0.6075073690822188	GSM343839
breast	All Non-Target Tissues	-0.43817244902112334	GSM343839
breast	Target Tissue	-0.3056979676585209	GSM343839
breast	All Non-Target Tissues	-0.43396161489447677	GSM343839
breast	All Non-Target Tissues	-0.30515177233150165	GSM343839
breast	All Non-Target Tissues	0.7477551319357042	GSM343839
breast	All Non-Target Tissues	-0.31315517745051025	GSM343834
breast	All Non-Target Tissues	-0.12807704521044516	GSM343834
breast	Target Tissue	-0.6271599208588978	GSM343834
breast	All Non-Target Tissues	-0.9274994652560196	GSM343834
breast	All Non-Target Tissues	-0.3980799310002061	GSM343834
breast	All Non-Target Tissues	-0.4748588931900806	GSM343834
breast	All Non-Target Tissues	-0.3641425402823204	GSM343842
breast	All Non-Target Tissues	-0.28600573399453516	GSM343842
breast	Target Tissue	-0.7351475541262278	GSM343842
breast	All Non-Target Tissues	-0.7573527894129897	GSM343842
breast	All Non-Target Tissues	0.09496015311964127	GSM343842
breast	All Non-Target Tissues	-0.21324572825647253	GSM343842
breast	All Non-Target Tissues	-0.510042455393635	GSM343836
breast	All Non-Target Tissues	-0.21532271711754436	GSM343836
breast	Target Tissue	-0.591672368246077	GSM343836
breast	All Non-Target Tissues	-1.0946209525318522	GSM343836
breast	All Non-Target Tissues	0.04678444278140726	GSM343836
breast	All Non-Target Tissues	-0.41801319632964007	GSM343836
breast	All Non-Target Tissues	-0.6941018065332554	GSM343843
breast	All Non-Target Tissues	-0.48135194838068274	GSM343843
breast	Target Tissue	-0.5385314559188897	GSM343843
breast	All Non-Target Tissues	-0.8661092153860966	GSM343843
breast	All Non-Target Tissues	0.07454767746795321	GSM343843
breast	All Non-Target Tissues	-0.009682553983162265	GSM343843
breast	All Non-Target Tissues	-0.6330085868679568	GSM343846
breast	All Non-Target Tissues	-0.3435349439095797	GSM343846
breast	Target Tissue	-0.44284955812570226	GSM343846
breast	All Non-Target Tissues	-0.5187666058650324	GSM343846
breast	All Non-Target Tissues	-0.3812690184813676	GSM343846
breast	All Non-Target Tissues	0.2505906951897928	GSM343846
breast	All Non-Target Tissues	-0.4942473522020718	GSM343845
breast	All Non-Target Tissues	-0.4369006979438956	GSM343845
breast	Target Tissue	-0.18286420177761864	GSM343845
breast	All Non-Target Tissues	-0.5086929621410806	GSM343845
breast	All Non-Target Tissues	-0.46485136662420523	GSM343845
breast	All Non-Target Tissues	-0.09817948968849606	GSM343845
breast	All Non-Target Tissues	-0.6265664057596904	GSM343844
breast	All Non-Target Tissues	-0.35087088321411486	GSM343844
breast	Target Tissue	-0.6406933222888611	GSM343844
breast	All Non-Target Tissues	-0.8771651385139401	GSM343844
breast	All Non-Target Tissues	0.15425922197115546	GSM343844
breast	All Non-Target Tissues	-0.1419707229630924	GSM343844
breast	All Non-Target Tissues	-0.39514208265109124	GSM388194
breast	All Non-Target Tissues	-0.6677560840190669	GSM388194
breast	Target Tissue	1.6898194513949663	GSM388194
breast	All Non-Target Tissues	-0.38685994360869386	GSM388194
breast	All Non-Target Tissues	-0.3928028270449819	GSM388194
breast	All Non-Target Tissues	0.2604849971330253	GSM388194
breast	All Non-Target Tissues	-0.7448256401061935	GSM388188
breast	All Non-Target Tissues	-0.5883082648650231	GSM388188
breast	Target Tissue	2.476619879550571	GSM388188
breast	All Non-Target Tissues	-0.7987545033988511	GSM388188
breast	All Non-Target Tissues	-0.28710626118492344	GSM388188
breast	All Non-Target Tissues	0.13018583914837295	GSM388188
breast	All Non-Target Tissues	-0.6631249255438179	GSM388190
breast	All Non-Target Tissues	-0.5450756986882428	GSM388190
breast	Target Tissue	-1.0941160131566647	GSM388190
breast	All Non-Target Tissues	-0.560065759697545	GSM388190
breast	All Non-Target Tissues	-0.49962820311344697	GSM388190
breast	All Non-Target Tissues	0.12049914358148575	GSM388190
breast	All Non-Target Tissues	-0.6915217951148963	GSM388189
breast	All Non-Target Tissues	-0.2530534952582222	GSM388189
breast	Target Tissue	-1.0625082178469845	GSM388189
breast	All Non-Target Tissues	-0.1385342592823791	GSM388189
breast	All Non-Target Tissues	-0.04298915671240517	GSM388189
breast	All Non-Target Tissues	0.07252355093666565	GSM388189
breast	All Non-Target Tissues	-0.842247920672665	GSM388181
breast	All Non-Target Tissues	-0.7396900390612374	GSM388181
breast	Target Tissue	-0.18841991531505398	GSM388181
breast	All Non-Target Tissues	-0.7946236240178841	GSM388181
breast	All Non-Target Tissues	-0.8033665348514603	GSM388181
breast	All Non-Target Tissues	-0.09653396100342947	GSM388181
breast	All Non-Target Tissues	-0.9376051104695826	GSM388191
breast	All Non-Target Tissues	-0.3231379896334785	GSM388191
breast	Target Tissue	1.6571070745016347	GSM388191
breast	All Non-Target Tissues	-0.3309475921120553	GSM388191
breast	All Non-Target Tissues	-0.1767117132932617	GSM388191
breast	All Non-Target Tissues	-1.1248379903837329	GSM388191
breast	All Non-Target Tissues	-0.9860645265722671	GSM388187
breast	All Non-Target Tissues	-1.1555239626779852	GSM388187
breast	Target Tissue	2.1628334195180936	GSM388187
breast	All Non-Target Tissues	-0.35096231853721616	GSM388187
breast	All Non-Target Tissues	0.9850890222106548	GSM388187
breast	All Non-Target Tissues	-0.15890746486305446	GSM388187
breast	All Non-Target Tissues	-0.9568259163729134	GSM388192
breast	All Non-Target Tissues	-0.47266246549692204	GSM388192
breast	Target Tissue	-0.14903969334412162	GSM388192
breast	All Non-Target Tissues	-0.5382161758347431	GSM388192
breast	All Non-Target Tissues	-0.18456394632219988	GSM388192
breast	All Non-Target Tissues	-0.14228673318598037	GSM388192
breast	All Non-Target Tissues	-0.518737904240098	GSM388198
breast	All Non-Target Tissues	-0.7693637800524296	GSM388198
breast	Target Tissue	0.23168600732881692	GSM388198
breast	All Non-Target Tissues	-0.12283161752204053	GSM388198
breast	All Non-Target Tissues	-0.564655221778999	GSM388198
breast	All Non-Target Tissues	0.2364954773650333	GSM388198
breast	All Non-Target Tissues	-0.8319504258796935	GSM388193
breast	All Non-Target Tissues	-0.9050699983436676	GSM388193
breast	Target Tissue	7.490524086607077	GSM388193
breast	All Non-Target Tissues	-1.2333896588928788	GSM388193
breast	All Non-Target Tissues	0.35292662567953637	GSM388193
breast	All Non-Target Tissues	0.9666938533106774	GSM388193
breast	All Non-Target Tissues	-0.704813557972947	GSM388182
breast	All Non-Target Tissues	-0.20995701256273766	GSM388182
breast	Target Tissue	-0.9026973690967655	GSM388182
breast	All Non-Target Tissues	-0.4218619962097034	GSM388182
breast	All Non-Target Tissues	-1.0488501836911142	GSM388182
breast	All Non-Target Tissues	0.07651143545920246	GSM388182
breast	All Non-Target Tissues	-0.3094126027143282	GSM388197
breast	All Non-Target Tissues	-0.1974339667299632	GSM388197
breast	Target Tissue	0.1677223770423544	GSM388197
breast	All Non-Target Tissues	-0.11742435389195412	GSM388197
breast	All Non-Target Tissues	0.15706558200170812	GSM388197
breast	All Non-Target Tissues	-0.9581488748173332	GSM388197
breast	All Non-Target Tissues	0.2746700208132605	GSM468487
breast	All Non-Target Tissues	-0.3981798337392152	GSM468487
breast	Target Tissue	-1.6883321135301264	GSM468487
breast	All Non-Target Tissues	0.23788592112324447	GSM468487
breast	All Non-Target Tissues	-0.35816475185864416	GSM468487
breast	All Non-Target Tissues	0.24326493811508174	GSM468487
breast	All Non-Target Tissues	0.049596715037573465	GSM562106
breast	All Non-Target Tissues	0.54442533865231	GSM562106
breast	Target Tissue	1.273860184066921	GSM562106
breast	All Non-Target Tissues	-0.5772848147112655	GSM562106
breast	All Non-Target Tissues	-0.7633543541403057	GSM562106
breast	All Non-Target Tissues	0.10339685792487667	GSM562106
breast	All Non-Target Tissues	-0.0004999742900902641	GSM562107
breast	All Non-Target Tissues	-0.0688343342889194	GSM562107
breast	Target Tissue	-1.910026459790583	GSM562107
breast	All Non-Target Tissues	0.593696978812868	GSM562107
breast	All Non-Target Tissues	-0.12899147590910143	GSM562107
breast	All Non-Target Tissues	-0.7266810127607968	GSM562107
breast	All Non-Target Tissues	0.42747248833172674	GSM562108
breast	All Non-Target Tissues	0.6072316810242264	GSM562108
breast	Target Tissue	-0.14418043816028267	GSM562108
breast	All Non-Target Tissues	0.11201568815122044	GSM562108
breast	All Non-Target Tissues	-0.4943379050654034	GSM562108
breast	All Non-Target Tissues	0.21178929190810655	GSM562108
breast	All Non-Target Tissues	0.5451082356685174	GSM562105
breast	All Non-Target Tissues	0.828361970034701	GSM562105
breast	Target Tissue	-0.11373446500586763	GSM562105
breast	All Non-Target Tissues	1.108210428674351	GSM562105
breast	All Non-Target Tissues	0.819838291328605	GSM562105
breast	All Non-Target Tissues	1.8241523614436057	GSM562105
brain	All Non-Target Tissues	0.006227006268656903	GSM309046
brain	All Non-Target Tissues	0.004854518759582343	GSM309046
brain	All Non-Target Tissues	-0.3539230633577969	GSM309046
brain	Target Tissue	43.81160639415852	GSM309046
brain	All Non-Target Tissues	0.004778899994333491	GSM309046
brain	All Non-Target Tissues	0.002877428683198051	GSM309046
brain	All Non-Target Tissues	-0.2072945292997557	GSM309052
brain	All Non-Target Tissues	-0.10734189624675733	GSM309052
brain	All Non-Target Tissues	-0.16625936910744213	GSM309052
brain	Target Tissue	51.80743605061956	GSM309052
brain	All Non-Target Tissues	-0.1541593108940174	GSM309052
brain	All Non-Target Tissues	-0.09282103067117174	GSM309052
brain	All Non-Target Tissues	-0.020171626633570694	GSM309051
brain	All Non-Target Tissues	-0.01624144652028405	GSM309051
brain	All Non-Target Tissues	-0.01617853558073755	GSM309051
brain	Target Tissue	415.81753755085515	GSM309051
brain	All Non-Target Tissues	-0.015001090824476142	GSM309051
brain	All Non-Target Tissues	-0.009032323143147688	GSM309051
brain	All Non-Target Tissues	-2.0631997942692983	GSM309049
brain	All Non-Target Tissues	-0.027723120954347116	GSM309049
brain	All Non-Target Tissues	-0.027615735963470774	GSM309049
brain	Target Tissue	84.15602729366341	GSM309049
brain	All Non-Target Tissues	-0.025605912309270427	GSM309049
brain	All Non-Target Tissues	-0.015417603763525656	GSM309049
brain	All Non-Target Tissues	-0.12358471326447465	GSM309041
brain	All Non-Target Tissues	-0.09950583300352804	GSM309041
brain	All Non-Target Tissues	0.14163181879702066	GSM309041
brain	Target Tissue	1079.6040378678017	GSM309041
brain	All Non-Target Tissues	-1.6497098172154128	GSM309041
brain	All Non-Target Tissues	-0.055337979729421075	GSM309041
brain	All Non-Target Tissues	-0.003946781682338015	GSM309047
brain	All Non-Target Tissues	-0.007923089669491094	GSM309047
brain	All Non-Target Tissues	-0.0026916151608351066	GSM309047
brain	Target Tissue	15.714435441458377	GSM309047
brain	All Non-Target Tissues	-0.002935114334438329	GSM309047
brain	All Non-Target Tissues	-0.0017672648903289093	GSM309047
brain	All Non-Target Tissues	0.08886996345379876	GSM309042
brain	All Non-Target Tissues	0.8816686072603432	GSM309042
brain	All Non-Target Tissues	-1.1842789002304344	GSM309042
brain	Target Tissue	12.768845340241281	GSM309042
brain	All Non-Target Tissues	0.9602747930324852	GSM309042
brain	All Non-Target Tissues	-0.15816158444324888	GSM309042
brain	All Non-Target Tissues	-0.05823414443337369	GSM309053
brain	All Non-Target Tissues	-0.26798800216271507	GSM309053
brain	All Non-Target Tissues	0.6057455543358642	GSM309053
brain	Target Tissue	33.408642197917736	GSM309053
brain	All Non-Target Tissues	0.5898152460235089	GSM309053
brain	All Non-Target Tissues	0.9786044548286145	GSM309053
brain	All Non-Target Tissues	-0.3159563247655702	GSM309044
brain	All Non-Target Tissues	-0.2611424079365352	GSM309044
brain	All Non-Target Tissues	-0.26013087770009935	GSM309044
brain	Target Tissue	231.65607828663371	GSM309044
brain	All Non-Target Tissues	-0.22859341028352134	GSM309044
brain	All Non-Target Tissues	-0.1452286046022229	GSM309044
brain	All Non-Target Tissues	0.7871738655361465	GSM309045
brain	All Non-Target Tissues	-1.253516166117992	GSM309045
brain	All Non-Target Tissues	0.7749743776226137	GSM309045
brain	Target Tissue	18.39792311366886	GSM309045
brain	All Non-Target Tissues	-0.5485343804401746	GSM309045
brain	All Non-Target Tissues	-1.5097599875799885	GSM309045
brain	All Non-Target Tissues	0.001803384641204174	GSM309048
brain	All Non-Target Tissues	0.0014520185078616302	GSM309048
brain	All Non-Target Tissues	0.0037575045777683835	GSM309048
brain	Target Tissue	62.04906496460855	GSM309048
brain	All Non-Target Tissues	0.0013411281740237316	GSM309048
brain	All Non-Target Tissues	0.0008075081463007522	GSM309048
brain	All Non-Target Tissues	1.2071295121856063	GSM309050
brain	All Non-Target Tissues	0.7966742267695457	GSM309050
brain	All Non-Target Tissues	-2.2679467276239844	GSM309050
brain	Target Tissue	3856.792232864056	GSM309050
brain	All Non-Target Tissues	-1.1671430125689397	GSM309050
brain	All Non-Target Tissues	0.44305284304651993	GSM309050
brain	All Non-Target Tissues	-0.017632327999232457	GSM309043
brain	All Non-Target Tissues	0.9716197669003911	GSM309043
brain	All Non-Target Tissues	0.51364510090545	GSM309043
brain	Target Tissue	8.178976413134647	GSM309043
brain	All Non-Target Tissues	-0.6022290243636899	GSM309043
brain	All Non-Target Tissues	2.3955012226216015	GSM309043
brain	All Non-Target Tissues	-0.17981942716554075	GSM379867
brain	All Non-Target Tissues	-0.02661613073916096	GSM379867
brain	All Non-Target Tissues	0.324655135509093	GSM379867
brain	Target Tissue	0.14574941152356258	GSM379867
brain	All Non-Target Tissues	0.2586538543039561	GSM379867
brain	All Non-Target Tissues	0.07103794494007401	GSM379867
brain	All Non-Target Tissues	-0.8536840849067359	GSM379858
brain	All Non-Target Tissues	-0.0004789119335154923	GSM379858
brain	All Non-Target Tissues	-0.11110752482243175	GSM379858
brain	Target Tissue	2.0029459033120056	GSM379858
brain	All Non-Target Tissues	-0.6430206262275494	GSM379858
brain	All Non-Target Tissues	-0.6712851731990467	GSM379858
brain	All Non-Target Tissues	-0.9264915008424124	GSM379862
brain	All Non-Target Tissues	-0.8048524502822281	GSM379862
brain	All Non-Target Tissues	-0.25373011022425745	GSM379862
brain	Target Tissue	4.741846676962105	GSM379862
brain	All Non-Target Tissues	-0.6341946825313336	GSM379862
brain	All Non-Target Tissues	-0.4254748587296735	GSM379862
brain	All Non-Target Tissues	-0.4658059301072062	GSM379871
brain	All Non-Target Tissues	-0.6070164232895436	GSM379871
brain	All Non-Target Tissues	0.03077555183559757	GSM379871
brain	Target Tissue	1.3672852800141015	GSM379871
brain	All Non-Target Tissues	-0.2683636594691029	GSM379871
brain	All Non-Target Tissues	-0.6372042682109733	GSM379871
brain	All Non-Target Tissues	-1.0158532910151337	GSM379864
brain	All Non-Target Tissues	-0.9595281370750359	GSM379864
brain	All Non-Target Tissues	0.23118678296772613	GSM379864
brain	Target Tissue	4.4154733445986825	GSM379864
brain	All Non-Target Tissues	-0.7955609554817398	GSM379864
brain	All Non-Target Tissues	-0.2881294202549574	GSM379864
brain	All Non-Target Tissues	-0.2530950540688821	GSM379874
brain	All Non-Target Tissues	-0.2340387230303309	GSM379874
brain	All Non-Target Tissues	-1.0028048936300824	GSM379874
brain	Target Tissue	-0.46147174830487064	GSM379874
brain	All Non-Target Tissues	-0.8210579092933756	GSM379874
brain	All Non-Target Tissues	0.3750018581429416	GSM379874
brain	All Non-Target Tissues	-0.4284949105036619	GSM379873
brain	All Non-Target Tissues	-0.3398945184897912	GSM379873
brain	All Non-Target Tissues	0.13120489136251637	GSM379873
brain	Target Tissue	0.08889943073146006	GSM379873
brain	All Non-Target Tissues	0.19516907291914914	GSM379873
brain	All Non-Target Tissues	-0.20051282490640182	GSM379873
brain	All Non-Target Tissues	-0.23428108737613743	GSM379866
brain	All Non-Target Tissues	-0.148844702486205	GSM379866
brain	All Non-Target Tissues	0.36974657905442043	GSM379866
brain	Target Tissue	1.4892442444374538	GSM379866
brain	All Non-Target Tissues	-0.03984047941124044	GSM379866
brain	All Non-Target Tissues	0.47495092664226685	GSM379866
brain	All Non-Target Tissues	-0.2624863764206114	GSM379865
brain	All Non-Target Tissues	0.006186287712221055	GSM379865
brain	All Non-Target Tissues	0.44232579192205773	GSM379865
brain	Target Tissue	1.4909604798696166	GSM379865
brain	All Non-Target Tissues	0.10285797991153658	GSM379865
brain	All Non-Target Tissues	-0.18977175960683085	GSM379865
brain	All Non-Target Tissues	-0.1765044898063539	GSM379856
brain	All Non-Target Tissues	-0.06557905896502148	GSM379856
brain	All Non-Target Tissues	1.2206645327988097	GSM379856
brain	Target Tissue	1.2962458885429269	GSM379856
brain	All Non-Target Tissues	-0.6778079633026075	GSM379856
brain	All Non-Target Tissues	3.6548445267316243	GSM379856
brain	All Non-Target Tissues	-0.9790625918774905	GSM379859
brain	All Non-Target Tissues	-0.7992086622554408	GSM379859
brain	All Non-Target Tissues	-0.3133573692078035	GSM379859
brain	Target Tissue	1.0701887326552713	GSM379859
brain	All Non-Target Tissues	-0.7631361249703486	GSM379859
brain	All Non-Target Tissues	-0.6199935039495779	GSM379859
brain	All Non-Target Tissues	-0.3988802990839433	GSM379857
brain	All Non-Target Tissues	-0.09269125361461539	GSM379857
brain	All Non-Target Tissues	-0.23128142681816788	GSM379857
brain	Target Tissue	1.949140094731347	GSM379857
brain	All Non-Target Tissues	0.37925636206353086	GSM379857
brain	All Non-Target Tissues	-1.0102352823252623	GSM379857
brain	All Non-Target Tissues	-0.5734767344531031	GSM379855
brain	All Non-Target Tissues	0.26218631416372573	GSM379855
brain	All Non-Target Tissues	-1.1909038165891606	GSM379855
brain	Target Tissue	-0.40436239929918183	GSM379855
brain	All Non-Target Tissues	-1.0963100827820829	GSM379855
brain	All Non-Target Tissues	0.5985452217566394	GSM379855
brain	All Non-Target Tissues	-0.3885610810198075	GSM379861
brain	All Non-Target Tissues	-0.4438713830984967	GSM379861
brain	All Non-Target Tissues	-0.5963340002559421	GSM379861
brain	Target Tissue	5.149938716381731	GSM379861
brain	All Non-Target Tissues	-0.6556387144276505	GSM379861
brain	All Non-Target Tissues	-0.2643151237621242	GSM379861
brain	All Non-Target Tissues	-0.8553500039917397	GSM379860
brain	All Non-Target Tissues	-0.7660408816987748	GSM379860
brain	All Non-Target Tissues	-0.50771120975101	GSM379860
brain	Target Tissue	3.686410419252373	GSM379860
brain	All Non-Target Tissues	-0.8239364878121282	GSM379860
brain	All Non-Target Tissues	-0.5518989865287245	GSM379860
brain	All Non-Target Tissues	-0.8179401842344419	GSM379863
brain	All Non-Target Tissues	-0.6894060496105859	GSM379863
brain	All Non-Target Tissues	0.5487781508243325	GSM379863
brain	Target Tissue	-0.08305209513819563	GSM379863
brain	All Non-Target Tissues	-0.8763917355798914	GSM379863
brain	All Non-Target Tissues	-0.8415821718980185	GSM379863
brain	All Non-Target Tissues	-0.24117583978116502	GSM379869
brain	All Non-Target Tissues	0.19200246369624954	GSM379869
brain	All Non-Target Tissues	-0.4865557105718831	GSM379869
brain	Target Tissue	-2.8451920782886995	GSM379869
brain	All Non-Target Tissues	0.932784685921873	GSM379869
brain	All Non-Target Tissues	-1.0229847927831077	GSM379869
brain	All Non-Target Tissues	-1.0517827619783846	GSM379868
brain	All Non-Target Tissues	-0.5017877542683369	GSM379868
brain	All Non-Target Tissues	1.2794973674651806	GSM379868
brain	Target Tissue	0.5281470719378683	GSM379868
brain	All Non-Target Tissues	0.3215443945203147	GSM379868
brain	All Non-Target Tissues	0.19467432307432572	GSM379868
brain	All Non-Target Tissues	-0.31624823856812717	GSM379870
brain	All Non-Target Tissues	-0.8570776684664055	GSM379870
brain	All Non-Target Tissues	1.04441191615252	GSM379870
brain	Target Tissue	2.0768328810528693	GSM379870
brain	All Non-Target Tissues	0.3264713606438304	GSM379870
brain	All Non-Target Tissues	-1.2770961933867484	GSM379870
brain	All Non-Target Tissues	-0.27405000789291956	GSM379872
brain	All Non-Target Tissues	-0.32437853564370545	GSM379872
brain	All Non-Target Tissues	0.4846241714547104	GSM379872
brain	Target Tissue	0.3921238115866886	GSM379872
brain	All Non-Target Tissues	0.39538397400501796	GSM379872
brain	All Non-Target Tissues	-0.16734682566380898	GSM379872
brain	All Non-Target Tissues	0.6468531323571206	GSM520521
brain	All Non-Target Tissues	0.41554837106551634	GSM520521
brain	All Non-Target Tissues	0.5069195186600899	GSM520521
brain	Target Tissue	-1.9820729794276806	GSM520521
brain	All Non-Target Tissues	0.481047104671121	GSM520521
brain	All Non-Target Tissues	0.4030598223999128	GSM520521
brain	All Non-Target Tissues	0.43712536362347426	GSM520522
brain	All Non-Target Tissues	0.3519571497588068	GSM520522
brain	All Non-Target Tissues	0.3542783940238073	GSM520522
brain	Target Tissue	2.358272625772532	GSM520522
brain	All Non-Target Tissues	0.32507825970191195	GSM520522
brain	All Non-Target Tissues	0.1957332251897948	GSM520522
brain	All Non-Target Tissues	-0.30819964050036885	GSM520524
brain	All Non-Target Tissues	-0.24880086262913984	GSM520524
brain	All Non-Target Tissues	-0.28987515100973577	GSM520524
brain	Target Tissue	-0.2544250396701845	GSM520524
brain	All Non-Target Tissues	-0.2284685712453547	GSM520524
brain	All Non-Target Tissues	-0.13756346039677866	GSM520524
brain	All Non-Target Tissues	-0.3168668730789205	GSM520525
brain	All Non-Target Tissues	-0.2551294680715559	GSM520525
brain	All Non-Target Tissues	-0.16736826593830106	GSM520525
brain	Target Tissue	-0.41345019080356726	GSM520525
brain	All Non-Target Tissues	-0.23564528675212856	GSM520525
brain	All Non-Target Tissues	-0.1418846403910931	GSM520525
brain	All Non-Target Tissues	-0.7046993855734214	GSM520523
brain	All Non-Target Tissues	-0.281934190261211	GSM520523
brain	All Non-Target Tissues	-0.9488971890429573	GSM520523
brain	Target Tissue	0.8952801673948181	GSM520523
brain	All Non-Target Tissues	-0.4154086378707596	GSM520523
brain	All Non-Target Tissues	-0.2501221476228578	GSM520523
brain	All Non-Target Tissues	0.2125228849440067	GSM520526
brain	All Non-Target Tissues	0.1711155541819368	GSM520526
brain	All Non-Target Tissues	-0.23792208832455844	GSM520526
brain	Target Tissue	1.3657622530315228	GSM520526
brain	All Non-Target Tissues	0.15804749697374298	GSM520526
brain	All Non-Target Tissues	0.09516215062862632	GSM520526
lung	All Non-Target Tissues	-1.1017624042500676	GSM267046
lung	All Non-Target Tissues	-1.0085318814249675	GSM267046
lung	All Non-Target Tissues	-0.8744546298872432	GSM267046
lung	All Non-Target Tissues	-0.94159032381072	GSM267046
lung	Target Tissue	-1.2301220892792433	GSM267046
lung	All Non-Target Tissues	-0.5080868892206772	GSM267046
lung	All Non-Target Tissues	-1.1009882820333936	GSM267045
lung	All Non-Target Tissues	-1.0302759661746201	GSM267045
lung	All Non-Target Tissues	-0.5745109147157484	GSM267045
lung	All Non-Target Tissues	-0.9541853533318665	GSM267045
lung	Target Tissue	-1.2621791762308447	GSM267045
lung	All Non-Target Tissues	0.09058756812406159	GSM267045
lung	All Non-Target Tissues	-1.1284465454510328	GSM267047
lung	All Non-Target Tissues	-1.0879123714216277	GSM267047
lung	All Non-Target Tissues	-0.5654248382664092	GSM267047
lung	All Non-Target Tissues	-1.1184598642348522	GSM267047
lung	Target Tissue	-1.977825143429618	GSM267047
lung	All Non-Target Tissues	-0.24050387259583803	GSM267047
lung	All Non-Target Tissues	0.08286093198396885	GSM272755
lung	All Non-Target Tissues	0.026017513906156114	GSM272755
lung	All Non-Target Tissues	-1.2374561285184318	GSM272755
lung	All Non-Target Tissues	-1.8919624721254424	GSM272755
lung	Target Tissue	3.4195304679148597	GSM272755
lung	All Non-Target Tissues	-1.7391662100585157	GSM272755
lung	All Non-Target Tissues	0.2887298745639724	GSM272770
lung	All Non-Target Tissues	-1.8328007449462154	GSM272770
lung	All Non-Target Tissues	-0.8483109479368609	GSM272770
lung	All Non-Target Tissues	0.3053337624157564	GSM272770
lung	Target Tissue	19.451035256829908	GSM272770
lung	All Non-Target Tissues	-1.5181914150634734	GSM272770
lung	All Non-Target Tissues	-0.6971696424016844	GSM272761
lung	All Non-Target Tissues	-0.7888222698155264	GSM272761
lung	All Non-Target Tissues	-1.1827306803601707	GSM272761
lung	All Non-Target Tissues	0.15736765048897616	GSM272761
lung	Target Tissue	5.013263877404501	GSM272761
lung	All Non-Target Tissues	-0.6632989655088337	GSM272761
lung	All Non-Target Tissues	-0.5395405703335688	GSM272767
lung	All Non-Target Tissues	-0.9496569654025866	GSM272767
lung	All Non-Target Tissues	-0.13274250984526012	GSM272767
lung	All Non-Target Tissues	0.38756021839305227	GSM272767
lung	Target Tissue	2.1002200422442945	GSM272767
lung	All Non-Target Tissues	-0.45320995713852663	GSM272767
lung	All Non-Target Tissues	-3.429753244625504	GSM272769
lung	All Non-Target Tissues	0.7046108163820283	GSM272769
lung	All Non-Target Tissues	1.9353835660654004	GSM272769
lung	All Non-Target Tissues	0.05992972740036291	GSM272769
lung	Target Tissue	7.104731077813823	GSM272769
lung	All Non-Target Tissues	-1.287683425680477	GSM272769
lung	All Non-Target Tissues	-0.315622395669249	GSM272772
lung	All Non-Target Tissues	-0.9037571560169134	GSM272772
lung	All Non-Target Tissues	-0.8298793367507169	GSM272772
lung	All Non-Target Tissues	1.2023947006772258	GSM272772
lung	Target Tissue	23.186929495530343	GSM272772
lung	All Non-Target Tissues	-1.293208327784307	GSM272772
lung	All Non-Target Tissues	-0.30076993119915735	GSM272754
lung	All Non-Target Tissues	-0.6324885652389608	GSM272754
lung	All Non-Target Tissues	0.030345542604721096	GSM272754
lung	All Non-Target Tissues	-1.6265206574083841	GSM272754
lung	Target Tissue	5.591104714788035	GSM272754
lung	All Non-Target Tissues	-0.3607884447314872	GSM272754
lung	All Non-Target Tissues	-0.7315962595812342	GSM272768
lung	All Non-Target Tissues	-0.10159341640623304	GSM272768
lung	All Non-Target Tissues	0.2513873554148039	GSM272768
lung	All Non-Target Tissues	-0.7916130280567617	GSM272768
lung	Target Tissue	0.20550951433741813	GSM272768
lung	All Non-Target Tissues	0.35098899908261666	GSM272768
lung	All Non-Target Tissues	0.09496686767328857	GSM272758
lung	All Non-Target Tissues	-0.3125440864524659	GSM272758
lung	All Non-Target Tissues	-0.8697059815082617	GSM272758
lung	All Non-Target Tissues	-0.09177785160602515	GSM272758
lung	Target Tissue	3.6520453668082062	GSM272758
lung	All Non-Target Tissues	-0.44129414639074005	GSM272758
lung	All Non-Target Tissues	-0.3292777605629313	GSM272763
lung	All Non-Target Tissues	-0.6585135891783831	GSM272763
lung	All Non-Target Tissues	-0.6773654170308478	GSM272763
lung	All Non-Target Tissues	-0.3703933970173023	GSM272763
lung	Target Tissue	7.3859532239681815	GSM272763
lung	All Non-Target Tissues	-2.4203666067100023	GSM272763
lung	All Non-Target Tissues	-0.04309074531188184	GSM272760
lung	All Non-Target Tissues	-0.6516763255922112	GSM272760
lung	All Non-Target Tissues	-1.123265808343768	GSM272760
lung	All Non-Target Tissues	-0.5826473921036577	GSM272760
lung	Target Tissue	6.531958641195781	GSM272760
lung	All Non-Target Tissues	0.2309277661965395	GSM272760
lung	All Non-Target Tissues	-0.28979365906746124	GSM272757
lung	All Non-Target Tissues	-0.26644107449232285	GSM272757
lung	All Non-Target Tissues	-0.09790069377638304	GSM272757
lung	All Non-Target Tissues	-0.5415981005853022	GSM272757
lung	Target Tissue	7.296117841940495	GSM272757
lung	All Non-Target Tissues	-0.6403452475204401	GSM272757
lung	All Non-Target Tissues	0.061065975418197034	GSM272762
lung	All Non-Target Tissues	0.11326309872501915	GSM272762
lung	All Non-Target Tissues	0.6669395862227853	GSM272762
lung	All Non-Target Tissues	-0.1216786052567155	GSM272762
lung	Target Tissue	7.419661146284201	GSM272762
lung	All Non-Target Tissues	-0.1530276296249568	GSM272762
lung	All Non-Target Tissues	-0.04148848635396074	GSM272756
lung	All Non-Target Tissues	-0.25684132102263346	GSM272756
lung	All Non-Target Tissues	-0.23644929266536177	GSM272756
lung	All Non-Target Tissues	-0.32819181547945103	GSM272756
lung	Target Tissue	8.459993568341794	GSM272756
lung	All Non-Target Tissues	2.4135896798640744	GSM272756
lung	All Non-Target Tissues	-0.5921490153256336	GSM272771
lung	All Non-Target Tissues	-0.6291915843794361	GSM272771
lung	All Non-Target Tissues	-0.2494255050256062	GSM272771
lung	All Non-Target Tissues	-1.4841446216366208	GSM272771
lung	Target Tissue	15.096711284860248	GSM272771
lung	All Non-Target Tissues	-2.6264395045424456	GSM272771
lung	All Non-Target Tissues	-0.698180842581041	GSM272764
lung	All Non-Target Tissues	0.1389517278088217	GSM272764
lung	All Non-Target Tissues	-1.2137726392078703	GSM272764
lung	All Non-Target Tissues	-1.0194778205916522	GSM272764
lung	Target Tissue	-1.5651949191150234	GSM272764
lung	All Non-Target Tissues	-1.0678627911178267	GSM272764
lung	All Non-Target Tissues	0.034418306581588315	GSM272759
lung	All Non-Target Tissues	-0.7252519349874342	GSM272759
lung	All Non-Target Tissues	-0.42273483915147253	GSM272759
lung	All Non-Target Tissues	0.5613009114485951	GSM272759
lung	Target Tissue	3.0146608571359126	GSM272759
lung	All Non-Target Tissues	-0.6192379959205833	GSM272759
lung	All Non-Target Tissues	-0.18887922524513204	GSM272766
lung	All Non-Target Tissues	0.0022486650096258964	GSM272766
lung	All Non-Target Tissues	-0.49082624876566744	GSM272766
lung	All Non-Target Tissues	1.2916901138653005	GSM272766
lung	Target Tissue	4.230612810973496	GSM272766
lung	All Non-Target Tissues	-0.38728193736908995	GSM272766
lung	All Non-Target Tissues	-0.3138567572080649	GSM272765
lung	All Non-Target Tissues	-0.46901827531262946	GSM272765
lung	All Non-Target Tissues	-0.8037914673217352	GSM272765
lung	All Non-Target Tissues	-0.27868968235811176	GSM272765
lung	Target Tissue	1.5626557720548115	GSM272765
lung	All Non-Target Tissues	-0.1662056261880426	GSM272765
lung	All Non-Target Tissues	-1.2486031134157887	GSM386494
lung	All Non-Target Tissues	-1.1428641429584077	GSM386494
lung	All Non-Target Tissues	-1.2104793537085974	GSM386494
lung	All Non-Target Tissues	0.18833808816321357	GSM386494
lung	Target Tissue	5.074624219268901	GSM386494
lung	All Non-Target Tissues	-0.7405776302688782	GSM386494
lung	All Non-Target Tissues	-1.0104792349536234	GSM386495
lung	All Non-Target Tissues	-0.8972097784862331	GSM386495
lung	All Non-Target Tissues	-1.1548872966216825	GSM386495
lung	All Non-Target Tissues	-0.3089629811435974	GSM386495
lung	Target Tissue	3.090076856438382	GSM386495
lung	All Non-Target Tissues	-0.6257564007480816	GSM386495
lung	All Non-Target Tissues	-1.391303594303612	GSM386496
lung	All Non-Target Tissues	-1.0266631182369808	GSM386496
lung	All Non-Target Tissues	-1.4396590025859264	GSM386496
lung	All Non-Target Tissues	-1.0031218846789678	GSM386496
lung	Target Tissue	1.69179684299955	GSM386496
lung	All Non-Target Tissues	-0.33707790757718054	GSM386496
lung	All Non-Target Tissues	0.5548526429729385	GSM429909
lung	All Non-Target Tissues	0.40677309350324314	GSM429909
lung	All Non-Target Tissues	0.3559302860246663	GSM429909
lung	All Non-Target Tissues	-0.3331972262779396	GSM429909
lung	Target Tissue	6.934191343246977	GSM429909
lung	All Non-Target Tissues	-1.1782956000542872	GSM429909
lung	All Non-Target Tissues	0.30915213237336325	GSM429904
lung	All Non-Target Tissues	0.03692873717404729	GSM429904
lung	All Non-Target Tissues	0.6251191716903222	GSM429904
lung	All Non-Target Tissues	1.2383442333286991	GSM429904
lung	Target Tissue	10.163899958830003	GSM429904
lung	All Non-Target Tissues	0.8888251969615072	GSM429904
lung	All Non-Target Tissues	-0.7324238112244181	GSM452736
lung	All Non-Target Tissues	-0.17148686499414464	GSM452736
lung	All Non-Target Tissues	-1.7854376415603144	GSM452736
lung	All Non-Target Tissues	0.8867644452362945	GSM452736
lung	Target Tissue	1.2582725895536138	GSM452736
lung	All Non-Target Tissues	-2.5393904603942383	GSM452736
lung	All Non-Target Tissues	-0.5597050252005226	GSM533887
lung	All Non-Target Tissues	0.6647234082091064	GSM533887
lung	All Non-Target Tissues	-1.6503931538940877	GSM533887
lung	All Non-Target Tissues	-0.4370260751493463	GSM533887
lung	Target Tissue	20.282129319281427	GSM533887
lung	All Non-Target Tissues	-0.9659673206777343	GSM533887
kidney	All Non-Target Tissues	-0.02480464848837753	GSM279061
kidney	All Non-Target Tissues	-0.2417610736217148	GSM279061
kidney	All Non-Target Tissues	-0.5111963159846731	GSM279061
kidney	All Non-Target Tissues	-0.1628570353501486	GSM279061
kidney	All Non-Target Tissues	-0.9587080549077935	GSM279061
kidney	Target Tissue	12.034783599444662	GSM279061
kidney	All Non-Target Tissues	-0.10732230200480512	GSM279062
kidney	All Non-Target Tissues	0.582184554803854	GSM279062
kidney	All Non-Target Tissues	0.19893460461071508	GSM279062
kidney	All Non-Target Tissues	-0.5926914527746333	GSM279062
kidney	All Non-Target Tissues	-1.0795546074588884	GSM279062
kidney	Target Tissue	10.66031512143343	GSM279062
kidney	All Non-Target Tissues	-0.21917952331693583	GSM279060
kidney	All Non-Target Tissues	-0.10115341368934305	GSM279060
kidney	All Non-Target Tissues	0.08908657071419729	GSM279060
kidney	All Non-Target Tissues	-0.3059949260826459	GSM279060
kidney	All Non-Target Tissues	-1.0808838379635595	GSM279060
kidney	Target Tissue	10.651602070503403	GSM279060
kidney	All Non-Target Tissues	-0.003028000319117546	GSM469550
kidney	All Non-Target Tissues	0.20346947186990708	GSM469550
kidney	All Non-Target Tissues	0.9615555072071811	GSM469550
kidney	All Non-Target Tissues	-0.7222959037197891	GSM469550
kidney	All Non-Target Tissues	1.0110945073809523	GSM469550
kidney	Target Tissue	69.75523020614101	GSM469550
kidney	All Non-Target Tissues	-0.05288098379126883	GSM469549
kidney	All Non-Target Tissues	-0.8526737721255758	GSM469549
kidney	All Non-Target Tissues	0.8438757547299923	GSM469549
kidney	All Non-Target Tissues	-0.8464564507368831	GSM469549
kidney	All Non-Target Tissues	1.9291535366688555	GSM469549
kidney	Target Tissue	23.940713883780507	GSM469549
kidney	All Non-Target Tissues	-0.32883935892064536	GSM469548
kidney	All Non-Target Tissues	-0.6713809896759275	GSM469548
kidney	All Non-Target Tissues	0.6411296745063587	GSM469548
kidney	All Non-Target Tissues	-0.7196708468510579	GSM469548
kidney	All Non-Target Tissues	0.035407350041301716	GSM469548
kidney	Target Tissue	43.481480042253	GSM469548
kidney	All Non-Target Tissues	0.12985928383112913	GSM469551
kidney	All Non-Target Tissues	0.11349361489969073	GSM469551
kidney	All Non-Target Tissues	0.08435677203953124	GSM469551
kidney	All Non-Target Tissues	0.1669566680532449	GSM469551
kidney	All Non-Target Tissues	-0.9931832966296866	GSM469551
kidney	Target Tissue	1.4907312581656864	GSM469551
kidney	All Non-Target Tissues	0.2050501560261295	GSM469552
kidney	All Non-Target Tissues	-0.2227471998478567	GSM469552
kidney	All Non-Target Tissues	0.2051427438549893	GSM469552
kidney	All Non-Target Tissues	1.2421892403444506	GSM469552
kidney	All Non-Target Tissues	-1.0981707132782987	GSM469552
kidney	Target Tissue	1.6193931771315215	GSM469552
kidney	All Non-Target Tissues	-0.7621984189262326	GSM190876
kidney	All Non-Target Tissues	-0.8036036487620711	GSM190876
kidney	All Non-Target Tissues	-0.7596229382610715	GSM190876
kidney	All Non-Target Tissues	-0.7967862395307832	GSM190876
kidney	All Non-Target Tissues	-0.5619667428081679	GSM190876
kidney	Target Tissue	16.558718305401214	GSM190876
kidney	All Non-Target Tissues	-1.0296912425643971	GSM190877
kidney	All Non-Target Tissues	-1.1449814562546208	GSM190877
kidney	All Non-Target Tissues	-1.16778069682624	GSM190877
kidney	All Non-Target Tissues	-0.9504655736578651	GSM190877
kidney	All Non-Target Tissues	-0.3873489733224594	GSM190877
kidney	Target Tissue	15.182931072357253	GSM190877
kidney	All Non-Target Tissues	-0.7877140384758059	GSM190878
kidney	All Non-Target Tissues	-0.7089102946626474	GSM190878
kidney	All Non-Target Tissues	-1.4695722474330257	GSM190878
kidney	All Non-Target Tissues	-0.6307549380917955	GSM190878
kidney	All Non-Target Tissues	-0.6842326976896748	GSM190878
kidney	Target Tissue	13.631231456327377	GSM190878
